,unitID,npads,cond,genoGroup,unitGroup,animalID
0,23,0,sync,TrkC_S1HP,TrkC_S1HP_23,BTT1
1,39,0,sync,TrkC_S1HP,TrkC_S1HP_39,BTT1
2,46,0,sync,TrkC_S1HP,TrkC_S1HP_46,BTT1
3,47,0,sync,TrkC_S1HP,TrkC_S1HP_47,BTT1
4,48,1,sync,TrkC_S1HP,TrkC_S1HP_48,BTT1
5,53,2,sync,TrkC_S1HP,TrkC_S1HP_53,BTT1
6,57,0,sync,TrkC_S1HP,TrkC_S1HP_57,BTT1
7,58,1,sync,TrkC_S1HP,TrkC_S1HP_58,BTT1
8,59,0,sync,TrkC_S1HP,TrkC_S1HP_59,BTT1
9,61,2,sync,TrkC_S1HP,TrkC_S1HP_61,BTT1
10,64,1,sync,TrkC_S1HP,TrkC_S1HP_64,BTT1
11,65,1,sync,TrkC_S1HP,TrkC_S1HP_65,BTT1
12,70,1,sync,TrkC_S1HP,TrkC_S1HP_70,BTT1
13,71,1,sync,TrkC_S1HP,TrkC_S1HP_71,BTT1
14,73,1,sync,TrkC_S1HP,TrkC_S1HP_73,BTT1
15,75,1,sync,TrkC_S1HP,TrkC_S1HP_75,BTT1
16,76,1,sync,TrkC_S1HP,TrkC_S1HP_76,BTT1
17,80,1,sync,TrkC_S1HP,TrkC_S1HP_80,BTT1
18,82,0,sync,TrkC_S1HP,TrkC_S1HP_82,BTT1
19,83,1,sync,TrkC_S1HP,TrkC_S1HP_83,BTT1
20,87,0,sync,TrkC_S1HP,TrkC_S1HP_87,BTT1
21,92,1,sync,TrkC_S1HP,TrkC_S1HP_92,BTT1
22,96,1,sync,TrkC_S1HP,TrkC_S1HP_96,BTT1
23,97,1,sync,TrkC_S1HP,TrkC_S1HP_97,BTT1
24,107,0,sync,TrkC_S1HP,TrkC_S1HP_107,BTT1
25,117,0,sync,TrkC_S1HP,TrkC_S1HP_117,BUF4
26,118,1,sync,TrkC_S1HP,TrkC_S1HP_118,BUF4
27,120,1,sync,TrkC_S1HP,TrkC_S1HP_120,BUF4
28,121,2,sync,TrkC_S1HP,TrkC_S1HP_121,BUF4
29,123,1,sync,TrkC_S1HP,TrkC_S1HP_123,BUF4
30,124,1,sync,TrkC_S1HP,TrkC_S1HP_124,BUF4
31,127,0,sync,TrkC_S1HP,TrkC_S1HP_127,BUF4
32,128,0,sync,TrkC_S1HP,TrkC_S1HP_128,BUF4
33,129,1,sync,TrkC_S1HP,TrkC_S1HP_129,BUF4
34,132,0,sync,TrkC_S1HP,TrkC_S1HP_132,BUF4
35,143,3,sync,TrkC_S1HP,TrkC_S1HP_143,BUF4
36,145,3,sync,TrkC_S1HP,TrkC_S1HP_145,BUF4
37,147,1,sync,TrkC_S1HP,TrkC_S1HP_147,BUF4
38,150,3,sync,TrkC_S1HP,TrkC_S1HP_150,BUF4
39,153,1,sync,TrkC_S1HP,TrkC_S1HP_153,BUF4
40,155,1,sync,TrkC_S1HP,TrkC_S1HP_155,BUF4
41,157,4,sync,TrkC_S1HP,TrkC_S1HP_157,BUF4
42,158,3,sync,TrkC_S1HP,TrkC_S1HP_158,BUF4
43,164,0,sync,TrkC_S1HP,TrkC_S1HP_164,BUF4
44,166,3,sync,TrkC_S1HP,TrkC_S1HP_166,BUF4
45,169,1,sync,TrkC_S1HP,TrkC_S1HP_169,BUF4
46,171,1,sync,TrkC_S1HP,TrkC_S1HP_171,BUF4
47,172,0,sync,TrkC_S1HP,TrkC_S1HP_172,BUF4
48,175,0,sync,TrkC_S1HP,TrkC_S1HP_175,BUF4
49,176,0,sync,TrkC_S1HP,TrkC_S1HP_176,BUF4
50,182,4,sync,TrkC_S1HP,TrkC_S1HP_182,BUF4
51,184,1,sync,TrkC_S1HP,TrkC_S1HP_184,BUF4
52,185,0,sync,TrkC_S1HP,TrkC_S1HP_185,BUF4
53,188,2,sync,TrkC_S1HP,TrkC_S1HP_188,BUF4
54,189,3,sync,TrkC_S1HP,TrkC_S1HP_189,BUF4
55,190,0,sync,TrkC_S1HP,TrkC_S1HP_190,BUF4
56,191,4,sync,TrkC_S1HP,TrkC_S1HP_191,BUF4
57,193,2,sync,TrkC_S1HP,TrkC_S1HP_193,BUF4
58,194,4,sync,TrkC_S1HP,TrkC_S1HP_194,BUF4
59,195,1,sync,TrkC_S1HP,TrkC_S1HP_195,BUF4
60,198,2,sync,TrkC_S1HP,TrkC_S1HP_198,BUF4
61,200,1,sync,TrkC_S1HP,TrkC_S1HP_200,BUF4
62,201,0,sync,TrkC_S1HP,TrkC_S1HP_201,BUF4
63,203,1,sync,TrkC_S1HP,TrkC_S1HP_203,BUF4
64,205,0,sync,TrkC_S1HP,TrkC_S1HP_205,BUF4
65,208,1,sync,TrkC_S1HP,TrkC_S1HP_208,BUF4
66,211,1,sync,TrkC_S1HP,TrkC_S1HP_211,BUF4
67,212,2,sync,TrkC_S1HP,TrkC_S1HP_212,BUF4
68,216,0,sync,TrkC_S1HP,TrkC_S1HP_216,BUF4
69,221,0,sync,TrkC_S1HP,TrkC_S1HP_221,BUF4
70,222,0,sync,TrkC_S1HP,TrkC_S1HP_222,BUF4
71,223,1,sync,TrkC_S1HP,TrkC_S1HP_223,BUF4
72,224,0,sync,TrkC_S1HP,TrkC_S1HP_224,BUF4
73,225,1,sync,TrkC_S1HP,TrkC_S1HP_225,BUF4
74,227,1,sync,TrkC_S1HP,TrkC_S1HP_227,BUF4
75,231,1,sync,TrkC_S1HP,TrkC_S1HP_231,BUF4
76,236,1,sync,TrkC_S1HP,TrkC_S1HP_236,BUF4
77,238,1,sync,TrkC_S1HP,TrkC_S1HP_238,BUF4
78,245,0,sync,TrkC_S1HP,TrkC_S1HP_245,BTT3
79,247,0,sync,TrkC_S1HP,TrkC_S1HP_247,BTT3
80,249,0,sync,TrkC_S1HP,TrkC_S1HP_249,BTT3
81,251,0,sync,TrkC_S1HP,TrkC_S1HP_251,BTT3
82,253,0,sync,TrkC_S1HP,TrkC_S1HP_253,BTT3
83,254,1,sync,TrkC_S1HP,TrkC_S1HP_254,BTT3
84,255,0,sync,TrkC_S1HP,TrkC_S1HP_255,BTT3
85,257,0,sync,TrkC_S1HP,TrkC_S1HP_257,BTT3
86,258,0,sync,TrkC_S1HP,TrkC_S1HP_258,BTT3
87,260,3,sync,TrkC_S1HP,TrkC_S1HP_260,BTT3
88,261,0,sync,TrkC_S1HP,TrkC_S1HP_261,BTT3
89,265,2,sync,TrkC_S1HP,TrkC_S1HP_265,BTT3
90,266,2,sync,TrkC_S1HP,TrkC_S1HP_266,BTT3
91,267,3,sync,TrkC_S1HP,TrkC_S1HP_267,BTT3
92,268,2,sync,TrkC_S1HP,TrkC_S1HP_268,BTT3
93,269,2,sync,TrkC_S1HP,TrkC_S1HP_269,BTT3
94,274,1,sync,TrkC_S1HP,TrkC_S1HP_274,BTT3
95,275,2,sync,TrkC_S1HP,TrkC_S1HP_275,BTT3
96,282,1,sync,TrkC_S1HP,TrkC_S1HP_282,BTT3
97,286,2,sync,TrkC_S1HP,TrkC_S1HP_286,BTT3
98,289,2,sync,TrkC_S1HP,TrkC_S1HP_289,BTT3
99,291,2,sync,TrkC_S1HP,TrkC_S1HP_291,BTT3
100,293,2,sync,TrkC_S1HP,TrkC_S1HP_293,BTT3
101,295,0,sync,TrkC_S1HP,TrkC_S1HP_295,BTT3
102,296,1,sync,TrkC_S1HP,TrkC_S1HP_296,BTT3
103,299,2,sync,TrkC_S1HP,TrkC_S1HP_299,BTT3
104,300,2,sync,TrkC_S1HP,TrkC_S1HP_300,BTT3
105,301,0,sync,TrkC_S1HP,TrkC_S1HP_301,BTT3
106,302,0,sync,TrkC_S1HP,TrkC_S1HP_302,BTT3
107,303,1,sync,TrkC_S1HP,TrkC_S1HP_303,BTT3
108,304,4,sync,TrkC_S1HP,TrkC_S1HP_304,BTT3
109,307,1,sync,TrkC_S1HP,TrkC_S1HP_307,BTT3
110,308,3,sync,TrkC_S1HP,TrkC_S1HP_308,BTT3
111,310,2,sync,TrkC_S1HP,TrkC_S1HP_310,BTT3
112,311,3,sync,TrkC_S1HP,TrkC_S1HP_311,BTT3
113,312,4,sync,TrkC_S1HP,TrkC_S1HP_312,BTT3
114,314,3,sync,TrkC_S1HP,TrkC_S1HP_314,BTT3
115,317,0,sync,TrkC_S1HP,TrkC_S1HP_317,BTT3
116,320,1,sync,TrkC_S1HP,TrkC_S1HP_320,BTT3
117,321,2,sync,TrkC_S1HP,TrkC_S1HP_321,BTT3
118,323,1,sync,TrkC_S1HP,TrkC_S1HP_323,BTT3
119,324,2,sync,TrkC_S1HP,TrkC_S1HP_324,BTT3
120,325,2,sync,TrkC_S1HP,TrkC_S1HP_325,BTT3
121,326,3,sync,TrkC_S1HP,TrkC_S1HP_326,BTT3
122,327,3,sync,TrkC_S1HP,TrkC_S1HP_327,BTT3
123,329,2,sync,TrkC_S1HP,TrkC_S1HP_329,BTT3
124,332,1,sync,TrkC_S1HP,TrkC_S1HP_332,BTT3
125,335,0,sync,TrkC_S1HP,TrkC_S1HP_335,BTT3
126,336,2,sync,TrkC_S1HP,TrkC_S1HP_336,BTT3
127,341,1,sync,TrkC_S1HP,TrkC_S1HP_341,BTT3
128,342,1,sync,TrkC_S1HP,TrkC_S1HP_342,BTT3
129,344,0,sync,TrkC_S1HP,TrkC_S1HP_344,BTT3
130,347,0,sync,TrkC_S1HP,TrkC_S1HP_347,BTT3
131,348,3,sync,TrkC_S1HP,TrkC_S1HP_348,BTT3
132,349,2,sync,TrkC_S1HP,TrkC_S1HP_349,BTT3
133,352,2,sync,TrkC_S1HP,TrkC_S1HP_352,BTT3
134,353,1,sync,TrkC_S1HP,TrkC_S1HP_353,BTT3
135,354,1,sync,TrkC_S1HP,TrkC_S1HP_354,BTT3
136,355,1,sync,TrkC_S1HP,TrkC_S1HP_355,BTT3
137,356,1,sync,TrkC_S1HP,TrkC_S1HP_356,BTT3
138,363,1,sync,TrkC_S1HP,TrkC_S1HP_363,BTT3
139,367,2,sync,TrkC_S1HP,TrkC_S1HP_367,BTT3
140,368,0,sync,TrkC_S1HP,TrkC_S1HP_368,BTT3
141,377,0,sync,TrkC_S1HP,TrkC_S1HP_377,BRO3
142,386,1,sync,TrkC_S1HP,TrkC_S1HP_386,BRO3
143,388,0,sync,TrkC_S1HP,TrkC_S1HP_388,BRO3
144,401,1,sync,TrkC_S1HP,TrkC_S1HP_401,BRO3
145,403,0,sync,TrkC_S1HP,TrkC_S1HP_403,BRO3
146,407,2,sync,TrkC_S1HP,TrkC_S1HP_407,BRO3
147,409,0,sync,TrkC_S1HP,TrkC_S1HP_409,BRO3
148,410,0,sync,TrkC_S1HP,TrkC_S1HP_410,BRO3
149,411,0,sync,TrkC_S1HP,TrkC_S1HP_411,BRO3
150,412,1,sync,TrkC_S1HP,TrkC_S1HP_412,BRO3
151,413,0,sync,TrkC_S1HP,TrkC_S1HP_413,BRO3
152,414,2,sync,TrkC_S1HP,TrkC_S1HP_414,BRO3
153,416,2,sync,TrkC_S1HP,TrkC_S1HP_416,BRO3
154,420,2,sync,TrkC_S1HP,TrkC_S1HP_420,BRO3
155,423,3,sync,TrkC_S1HP,TrkC_S1HP_423,BRO3
156,435,1,sync,TrkC_S1HP,TrkC_S1HP_435,BRO3
157,436,3,sync,TrkC_S1HP,TrkC_S1HP_436,BRO3
158,438,0,sync,TrkC_S1HP,TrkC_S1HP_438,BRO3
159,440,0,sync,TrkC_S1HP,TrkC_S1HP_440,BRO3
160,441,1,sync,TrkC_S1HP,TrkC_S1HP_441,BRO3
161,442,0,sync,TrkC_S1HP,TrkC_S1HP_442,BRO3
162,444,0,sync,TrkC_S1HP,TrkC_S1HP_444,BRO3
163,445,0,sync,TrkC_S1HP,TrkC_S1HP_445,BRO3
164,447,0,sync,TrkC_S1HP,TrkC_S1HP_447,BRO3
165,448,1,sync,TrkC_S1HP,TrkC_S1HP_448,BRO3
166,449,0,sync,TrkC_S1HP,TrkC_S1HP_449,BRO3
167,453,1,sync,TrkC_S1HP,TrkC_S1HP_453,BRO3
168,454,0,sync,TrkC_S1HP,TrkC_S1HP_454,BRO3
169,455,1,sync,TrkC_S1HP,TrkC_S1HP_455,BRO3
170,459,0,sync,TrkC_S1HP,TrkC_S1HP_459,BRO3
171,467,0,sync,TrkC_S1HP,TrkC_S1HP_467,BRO3
172,477,1,sync,TrkC_S1HP,TrkC_S1HP_477,BRO3
173,479,1,sync,TrkC_S1HP,TrkC_S1HP_479,BRO3
0,23,0,async,TrkC_S1HP,TrkC_S1HP_23,BTT1
1,39,0,async,TrkC_S1HP,TrkC_S1HP_39,BTT1
2,46,0,async,TrkC_S1HP,TrkC_S1HP_46,BTT1
3,47,1,async,TrkC_S1HP,TrkC_S1HP_47,BTT1
4,48,1,async,TrkC_S1HP,TrkC_S1HP_48,BTT1
5,53,1,async,TrkC_S1HP,TrkC_S1HP_53,BTT1
6,57,0,async,TrkC_S1HP,TrkC_S1HP_57,BTT1
7,58,1,async,TrkC_S1HP,TrkC_S1HP_58,BTT1
8,59,0,async,TrkC_S1HP,TrkC_S1HP_59,BTT1
9,61,1,async,TrkC_S1HP,TrkC_S1HP_61,BTT1
10,64,0,async,TrkC_S1HP,TrkC_S1HP_64,BTT1
11,65,0,async,TrkC_S1HP,TrkC_S1HP_65,BTT1
12,70,1,async,TrkC_S1HP,TrkC_S1HP_70,BTT1
13,71,1,async,TrkC_S1HP,TrkC_S1HP_71,BTT1
14,73,2,async,TrkC_S1HP,TrkC_S1HP_73,BTT1
15,75,0,async,TrkC_S1HP,TrkC_S1HP_75,BTT1
16,76,0,async,TrkC_S1HP,TrkC_S1HP_76,BTT1
17,80,1,async,TrkC_S1HP,TrkC_S1HP_80,BTT1
18,82,0,async,TrkC_S1HP,TrkC_S1HP_82,BTT1
19,83,0,async,TrkC_S1HP,TrkC_S1HP_83,BTT1
20,87,0,async,TrkC_S1HP,TrkC_S1HP_87,BTT1
21,92,0,async,TrkC_S1HP,TrkC_S1HP_92,BTT1
22,96,0,async,TrkC_S1HP,TrkC_S1HP_96,BTT1
23,97,0,async,TrkC_S1HP,TrkC_S1HP_97,BTT1
24,107,0,async,TrkC_S1HP,TrkC_S1HP_107,BTT1
25,117,0,async,TrkC_S1HP,TrkC_S1HP_117,BUF4
26,118,0,async,TrkC_S1HP,TrkC_S1HP_118,BUF4
27,120,1,async,TrkC_S1HP,TrkC_S1HP_120,BUF4
28,121,1,async,TrkC_S1HP,TrkC_S1HP_121,BUF4
29,123,0,async,TrkC_S1HP,TrkC_S1HP_123,BUF4
30,124,0,async,TrkC_S1HP,TrkC_S1HP_124,BUF4
31,127,0,async,TrkC_S1HP,TrkC_S1HP_127,BUF4
32,128,0,async,TrkC_S1HP,TrkC_S1HP_128,BUF4
33,129,0,async,TrkC_S1HP,TrkC_S1HP_129,BUF4
34,132,0,async,TrkC_S1HP,TrkC_S1HP_132,BUF4
35,143,0,async,TrkC_S1HP,TrkC_S1HP_143,BUF4
36,145,0,async,TrkC_S1HP,TrkC_S1HP_145,BUF4
37,147,2,async,TrkC_S1HP,TrkC_S1HP_147,BUF4
38,150,1,async,TrkC_S1HP,TrkC_S1HP_150,BUF4
39,153,1,async,TrkC_S1HP,TrkC_S1HP_153,BUF4
40,155,0,async,TrkC_S1HP,TrkC_S1HP_155,BUF4
41,157,1,async,TrkC_S1HP,TrkC_S1HP_157,BUF4
42,158,0,async,TrkC_S1HP,TrkC_S1HP_158,BUF4
43,164,0,async,TrkC_S1HP,TrkC_S1HP_164,BUF4
44,166,1,async,TrkC_S1HP,TrkC_S1HP_166,BUF4
45,169,0,async,TrkC_S1HP,TrkC_S1HP_169,BUF4
46,171,1,async,TrkC_S1HP,TrkC_S1HP_171,BUF4
47,172,0,async,TrkC_S1HP,TrkC_S1HP_172,BUF4
48,175,1,async,TrkC_S1HP,TrkC_S1HP_175,BUF4
49,176,0,async,TrkC_S1HP,TrkC_S1HP_176,BUF4
50,182,2,async,TrkC_S1HP,TrkC_S1HP_182,BUF4
51,184,0,async,TrkC_S1HP,TrkC_S1HP_184,BUF4
52,185,0,async,TrkC_S1HP,TrkC_S1HP_185,BUF4
53,188,1,async,TrkC_S1HP,TrkC_S1HP_188,BUF4
54,189,1,async,TrkC_S1HP,TrkC_S1HP_189,BUF4
55,190,0,async,TrkC_S1HP,TrkC_S1HP_190,BUF4
56,191,2,async,TrkC_S1HP,TrkC_S1HP_191,BUF4
57,193,1,async,TrkC_S1HP,TrkC_S1HP_193,BUF4
58,194,1,async,TrkC_S1HP,TrkC_S1HP_194,BUF4
59,195,0,async,TrkC_S1HP,TrkC_S1HP_195,BUF4
60,198,1,async,TrkC_S1HP,TrkC_S1HP_198,BUF4
61,200,1,async,TrkC_S1HP,TrkC_S1HP_200,BUF4
62,201,0,async,TrkC_S1HP,TrkC_S1HP_201,BUF4
63,203,0,async,TrkC_S1HP,TrkC_S1HP_203,BUF4
64,205,0,async,TrkC_S1HP,TrkC_S1HP_205,BUF4
65,208,0,async,TrkC_S1HP,TrkC_S1HP_208,BUF4
66,211,0,async,TrkC_S1HP,TrkC_S1HP_211,BUF4
67,212,0,async,TrkC_S1HP,TrkC_S1HP_212,BUF4
68,216,1,async,TrkC_S1HP,TrkC_S1HP_216,BUF4
69,221,0,async,TrkC_S1HP,TrkC_S1HP_221,BUF4
70,222,0,async,TrkC_S1HP,TrkC_S1HP_222,BUF4
71,223,0,async,TrkC_S1HP,TrkC_S1HP_223,BUF4
72,224,0,async,TrkC_S1HP,TrkC_S1HP_224,BUF4
73,225,0,async,TrkC_S1HP,TrkC_S1HP_225,BUF4
74,227,1,async,TrkC_S1HP,TrkC_S1HP_227,BUF4
75,231,0,async,TrkC_S1HP,TrkC_S1HP_231,BUF4
76,236,1,async,TrkC_S1HP,TrkC_S1HP_236,BUF4
77,238,1,async,TrkC_S1HP,TrkC_S1HP_238,BUF4
78,245,0,async,TrkC_S1HP,TrkC_S1HP_245,BTT3
79,247,0,async,TrkC_S1HP,TrkC_S1HP_247,BTT3
80,249,0,async,TrkC_S1HP,TrkC_S1HP_249,BTT3
81,251,0,async,TrkC_S1HP,TrkC_S1HP_251,BTT3
82,253,0,async,TrkC_S1HP,TrkC_S1HP_253,BTT3
83,254,1,async,TrkC_S1HP,TrkC_S1HP_254,BTT3
84,255,0,async,TrkC_S1HP,TrkC_S1HP_255,BTT3
85,257,0,async,TrkC_S1HP,TrkC_S1HP_257,BTT3
86,258,0,async,TrkC_S1HP,TrkC_S1HP_258,BTT3
87,260,0,async,TrkC_S1HP,TrkC_S1HP_260,BTT3
88,261,0,async,TrkC_S1HP,TrkC_S1HP_261,BTT3
89,265,0,async,TrkC_S1HP,TrkC_S1HP_265,BTT3
90,266,1,async,TrkC_S1HP,TrkC_S1HP_266,BTT3
91,267,0,async,TrkC_S1HP,TrkC_S1HP_267,BTT3
92,268,1,async,TrkC_S1HP,TrkC_S1HP_268,BTT3
93,269,0,async,TrkC_S1HP,TrkC_S1HP_269,BTT3
94,274,1,async,TrkC_S1HP,TrkC_S1HP_274,BTT3
95,275,0,async,TrkC_S1HP,TrkC_S1HP_275,BTT3
96,282,0,async,TrkC_S1HP,TrkC_S1HP_282,BTT3
97,286,1,async,TrkC_S1HP,TrkC_S1HP_286,BTT3
98,289,0,async,TrkC_S1HP,TrkC_S1HP_289,BTT3
99,291,2,async,TrkC_S1HP,TrkC_S1HP_291,BTT3
100,293,1,async,TrkC_S1HP,TrkC_S1HP_293,BTT3
101,295,0,async,TrkC_S1HP,TrkC_S1HP_295,BTT3
102,296,1,async,TrkC_S1HP,TrkC_S1HP_296,BTT3
103,299,2,async,TrkC_S1HP,TrkC_S1HP_299,BTT3
104,300,0,async,TrkC_S1HP,TrkC_S1HP_300,BTT3
105,301,0,async,TrkC_S1HP,TrkC_S1HP_301,BTT3
106,302,0,async,TrkC_S1HP,TrkC_S1HP_302,BTT3
107,303,0,async,TrkC_S1HP,TrkC_S1HP_303,BTT3
108,304,2,async,TrkC_S1HP,TrkC_S1HP_304,BTT3
109,307,0,async,TrkC_S1HP,TrkC_S1HP_307,BTT3
110,308,0,async,TrkC_S1HP,TrkC_S1HP_308,BTT3
111,310,1,async,TrkC_S1HP,TrkC_S1HP_310,BTT3
112,311,0,async,TrkC_S1HP,TrkC_S1HP_311,BTT3
113,312,2,async,TrkC_S1HP,TrkC_S1HP_312,BTT3
114,314,1,async,TrkC_S1HP,TrkC_S1HP_314,BTT3
115,317,0,async,TrkC_S1HP,TrkC_S1HP_317,BTT3
116,320,0,async,TrkC_S1HP,TrkC_S1HP_320,BTT3
117,321,1,async,TrkC_S1HP,TrkC_S1HP_321,BTT3
118,323,0,async,TrkC_S1HP,TrkC_S1HP_323,BTT3
119,324,1,async,TrkC_S1HP,TrkC_S1HP_324,BTT3
120,325,0,async,TrkC_S1HP,TrkC_S1HP_325,BTT3
121,326,1,async,TrkC_S1HP,TrkC_S1HP_326,BTT3
122,327,2,async,TrkC_S1HP,TrkC_S1HP_327,BTT3
123,329,0,async,TrkC_S1HP,TrkC_S1HP_329,BTT3
124,332,0,async,TrkC_S1HP,TrkC_S1HP_332,BTT3
125,335,0,async,TrkC_S1HP,TrkC_S1HP_335,BTT3
126,336,0,async,TrkC_S1HP,TrkC_S1HP_336,BTT3
127,341,0,async,TrkC_S1HP,TrkC_S1HP_341,BTT3
128,342,0,async,TrkC_S1HP,TrkC_S1HP_342,BTT3
129,344,0,async,TrkC_S1HP,TrkC_S1HP_344,BTT3
130,347,0,async,TrkC_S1HP,TrkC_S1HP_347,BTT3
131,348,0,async,TrkC_S1HP,TrkC_S1HP_348,BTT3
132,349,1,async,TrkC_S1HP,TrkC_S1HP_349,BTT3
133,352,1,async,TrkC_S1HP,TrkC_S1HP_352,BTT3
134,353,1,async,TrkC_S1HP,TrkC_S1HP_353,BTT3
135,354,0,async,TrkC_S1HP,TrkC_S1HP_354,BTT3
136,355,0,async,TrkC_S1HP,TrkC_S1HP_355,BTT3
137,356,0,async,TrkC_S1HP,TrkC_S1HP_356,BTT3
138,363,0,async,TrkC_S1HP,TrkC_S1HP_363,BTT3
139,367,1,async,TrkC_S1HP,TrkC_S1HP_367,BTT3
140,368,0,async,TrkC_S1HP,TrkC_S1HP_368,BTT3
141,377,0,async,TrkC_S1HP,TrkC_S1HP_377,BRO3
142,386,2,async,TrkC_S1HP,TrkC_S1HP_386,BRO3
143,388,0,async,TrkC_S1HP,TrkC_S1HP_388,BRO3
144,401,0,async,TrkC_S1HP,TrkC_S1HP_401,BRO3
145,403,0,async,TrkC_S1HP,TrkC_S1HP_403,BRO3
146,407,1,async,TrkC_S1HP,TrkC_S1HP_407,BRO3
147,409,0,async,TrkC_S1HP,TrkC_S1HP_409,BRO3
148,410,0,async,TrkC_S1HP,TrkC_S1HP_410,BRO3
149,411,0,async,TrkC_S1HP,TrkC_S1HP_411,BRO3
150,412,0,async,TrkC_S1HP,TrkC_S1HP_412,BRO3
151,413,0,async,TrkC_S1HP,TrkC_S1HP_413,BRO3
152,414,0,async,TrkC_S1HP,TrkC_S1HP_414,BRO3
153,416,2,async,TrkC_S1HP,TrkC_S1HP_416,BRO3
154,420,1,async,TrkC_S1HP,TrkC_S1HP_420,BRO3
155,423,0,async,TrkC_S1HP,TrkC_S1HP_423,BRO3
156,435,1,async,TrkC_S1HP,TrkC_S1HP_435,BRO3
157,436,1,async,TrkC_S1HP,TrkC_S1HP_436,BRO3
158,438,0,async,TrkC_S1HP,TrkC_S1HP_438,BRO3
159,440,0,async,TrkC_S1HP,TrkC_S1HP_440,BRO3
160,441,0,async,TrkC_S1HP,TrkC_S1HP_441,BRO3
161,442,0,async,TrkC_S1HP,TrkC_S1HP_442,BRO3
162,444,0,async,TrkC_S1HP,TrkC_S1HP_444,BRO3
163,445,0,async,TrkC_S1HP,TrkC_S1HP_445,BRO3
164,447,1,async,TrkC_S1HP,TrkC_S1HP_447,BRO3
165,448,0,async,TrkC_S1HP,TrkC_S1HP_448,BRO3
166,449,0,async,TrkC_S1HP,TrkC_S1HP_449,BRO3
167,453,0,async,TrkC_S1HP,TrkC_S1HP_453,BRO3
168,454,1,async,TrkC_S1HP,TrkC_S1HP_454,BRO3
169,455,0,async,TrkC_S1HP,TrkC_S1HP_455,BRO3
170,459,0,async,TrkC_S1HP,TrkC_S1HP_459,BRO3
171,467,0,async,TrkC_S1HP,TrkC_S1HP_467,BRO3
172,477,0,async,TrkC_S1HP,TrkC_S1HP_477,BRO3
173,479,0,async,TrkC_S1HP,TrkC_S1HP_479,BRO3
0,10,2,sync,TrkB_S1HP,TrkB_S1HP_10,BTR5
1,11,1,sync,TrkB_S1HP,TrkB_S1HP_11,BTR5
2,18,1,sync,TrkB_S1HP,TrkB_S1HP_18,BTR5
3,19,1,sync,TrkB_S1HP,TrkB_S1HP_19,BTR5
4,21,1,sync,TrkB_S1HP,TrkB_S1HP_21,BTR5
5,23,1,sync,TrkB_S1HP,TrkB_S1HP_23,BTR5
6,24,2,sync,TrkB_S1HP,TrkB_S1HP_24,BTR5
7,29,1,sync,TrkB_S1HP,TrkB_S1HP_29,BTR5
8,32,1,sync,TrkB_S1HP,TrkB_S1HP_32,BTR5
9,35,1,sync,TrkB_S1HP,TrkB_S1HP_35,BTR5
10,36,1,sync,TrkB_S1HP,TrkB_S1HP_36,BTR5
11,37,1,sync,TrkB_S1HP,TrkB_S1HP_37,BTR5
12,41,1,sync,TrkB_S1HP,TrkB_S1HP_41,BTR5
13,42,1,sync,TrkB_S1HP,TrkB_S1HP_42,BTR5
14,45,1,sync,TrkB_S1HP,TrkB_S1HP_45,BTR5
15,46,1,sync,TrkB_S1HP,TrkB_S1HP_46,BTR5
16,47,0,sync,TrkB_S1HP,TrkB_S1HP_47,BTR5
17,53,1,sync,TrkB_S1HP,TrkB_S1HP_53,BTR5
18,54,1,sync,TrkB_S1HP,TrkB_S1HP_54,BTR5
19,56,1,sync,TrkB_S1HP,TrkB_S1HP_56,BTR5
20,57,1,sync,TrkB_S1HP,TrkB_S1HP_57,BTR5
21,58,1,sync,TrkB_S1HP,TrkB_S1HP_58,BTR5
22,59,1,sync,TrkB_S1HP,TrkB_S1HP_59,BTR5
23,60,0,sync,TrkB_S1HP,TrkB_S1HP_60,BTR5
24,67,0,sync,TrkB_S1HP,TrkB_S1HP_67,BTR5
25,69,1,sync,TrkB_S1HP,TrkB_S1HP_69,BTR5
26,72,1,sync,TrkB_S1HP,TrkB_S1HP_72,BTR5
27,73,1,sync,TrkB_S1HP,TrkB_S1HP_73,BTR5
28,78,0,sync,TrkB_S1HP,TrkB_S1HP_78,BTR5
29,80,1,sync,TrkB_S1HP,TrkB_S1HP_80,BTR5
30,89,1,sync,TrkB_S1HP,TrkB_S1HP_89,BTR5
31,90,1,sync,TrkB_S1HP,TrkB_S1HP_90,BTR5
32,94,1,sync,TrkB_S1HP,TrkB_S1HP_94,BTR5
33,99,0,sync,TrkB_S1HP,TrkB_S1HP_99,BTR5
34,110,3,sync,TrkB_S1HP,TrkB_S1HP_110,BTM2
35,111,1,sync,TrkB_S1HP,TrkB_S1HP_111,BTM2
36,112,1,sync,TrkB_S1HP,TrkB_S1HP_112,BTM2
37,113,1,sync,TrkB_S1HP,TrkB_S1HP_113,BTM2
38,114,1,sync,TrkB_S1HP,TrkB_S1HP_114,BTM2
39,118,2,sync,TrkB_S1HP,TrkB_S1HP_118,BTM2
40,120,2,sync,TrkB_S1HP,TrkB_S1HP_120,BTM2
41,122,4,sync,TrkB_S1HP,TrkB_S1HP_122,BTM2
42,125,5,sync,TrkB_S1HP,TrkB_S1HP_125,BTM2
43,126,3,sync,TrkB_S1HP,TrkB_S1HP_126,BTM2
44,128,4,sync,TrkB_S1HP,TrkB_S1HP_128,BTM2
45,129,1,sync,TrkB_S1HP,TrkB_S1HP_129,BTM2
46,131,0,sync,TrkB_S1HP,TrkB_S1HP_131,BTM2
47,133,3,sync,TrkB_S1HP,TrkB_S1HP_133,BTM2
48,134,1,sync,TrkB_S1HP,TrkB_S1HP_134,BTM2
49,136,4,sync,TrkB_S1HP,TrkB_S1HP_136,BTM2
50,137,5,sync,TrkB_S1HP,TrkB_S1HP_137,BTM2
51,140,5,sync,TrkB_S1HP,TrkB_S1HP_140,BTM2
52,141,5,sync,TrkB_S1HP,TrkB_S1HP_141,BTM2
53,142,1,sync,TrkB_S1HP,TrkB_S1HP_142,BTM2
54,143,4,sync,TrkB_S1HP,TrkB_S1HP_143,BTM2
55,145,3,sync,TrkB_S1HP,TrkB_S1HP_145,BTM2
56,147,2,sync,TrkB_S1HP,TrkB_S1HP_147,BTM2
57,151,1,sync,TrkB_S1HP,TrkB_S1HP_151,BTM2
58,152,2,sync,TrkB_S1HP,TrkB_S1HP_152,BTM2
59,155,2,sync,TrkB_S1HP,TrkB_S1HP_155,BTM2
60,157,2,sync,TrkB_S1HP,TrkB_S1HP_157,BTM2
61,158,1,sync,TrkB_S1HP,TrkB_S1HP_158,BTM2
62,159,1,sync,TrkB_S1HP,TrkB_S1HP_159,BTM2
63,160,1,sync,TrkB_S1HP,TrkB_S1HP_160,BTM2
64,161,1,sync,TrkB_S1HP,TrkB_S1HP_161,BTM2
65,162,2,sync,TrkB_S1HP,TrkB_S1HP_162,BTM2
66,164,1,sync,TrkB_S1HP,TrkB_S1HP_164,BTM2
67,165,1,sync,TrkB_S1HP,TrkB_S1HP_165,BTM2
68,166,1,sync,TrkB_S1HP,TrkB_S1HP_166,BTM2
69,167,3,sync,TrkB_S1HP,TrkB_S1HP_167,BTM2
70,168,3,sync,TrkB_S1HP,TrkB_S1HP_168,BTM2
71,170,2,sync,TrkB_S1HP,TrkB_S1HP_170,BTM2
72,171,3,sync,TrkB_S1HP,TrkB_S1HP_171,BTM2
73,172,5,sync,TrkB_S1HP,TrkB_S1HP_172,BTM2
74,174,5,sync,TrkB_S1HP,TrkB_S1HP_174,BTM2
75,175,2,sync,TrkB_S1HP,TrkB_S1HP_175,BTM2
76,176,0,sync,TrkB_S1HP,TrkB_S1HP_176,BTM2
77,177,3,sync,TrkB_S1HP,TrkB_S1HP_177,BTM2
78,178,5,sync,TrkB_S1HP,TrkB_S1HP_178,BTM2
79,179,4,sync,TrkB_S1HP,TrkB_S1HP_179,BTM2
80,180,4,sync,TrkB_S1HP,TrkB_S1HP_180,BTM2
81,181,5,sync,TrkB_S1HP,TrkB_S1HP_181,BTM2
82,182,4,sync,TrkB_S1HP,TrkB_S1HP_182,BTM2
83,186,2,sync,TrkB_S1HP,TrkB_S1HP_186,BTM2
84,187,1,sync,TrkB_S1HP,TrkB_S1HP_187,BTM2
85,189,0,sync,TrkB_S1HP,TrkB_S1HP_189,BTM2
86,191,0,sync,TrkB_S1HP,TrkB_S1HP_191,BTM2
87,193,4,sync,TrkB_S1HP,TrkB_S1HP_193,BTM2
88,195,5,sync,TrkB_S1HP,TrkB_S1HP_195,BTM2
89,196,3,sync,TrkB_S1HP,TrkB_S1HP_196,BTM2
90,198,1,sync,TrkB_S1HP,TrkB_S1HP_198,BTM2
91,200,5,sync,TrkB_S1HP,TrkB_S1HP_200,BTM2
92,201,5,sync,TrkB_S1HP,TrkB_S1HP_201,BTM2
93,202,2,sync,TrkB_S1HP,TrkB_S1HP_202,BTM2
94,203,0,sync,TrkB_S1HP,TrkB_S1HP_203,BTM2
95,205,1,sync,TrkB_S1HP,TrkB_S1HP_205,BTM2
96,207,5,sync,TrkB_S1HP,TrkB_S1HP_207,BTM2
97,208,1,sync,TrkB_S1HP,TrkB_S1HP_208,BTM2
98,209,1,sync,TrkB_S1HP,TrkB_S1HP_209,BTM2
99,210,4,sync,TrkB_S1HP,TrkB_S1HP_210,BTM2
100,211,0,sync,TrkB_S1HP,TrkB_S1HP_211,BTM2
101,212,1,sync,TrkB_S1HP,TrkB_S1HP_212,BTM2
102,213,2,sync,TrkB_S1HP,TrkB_S1HP_213,BTM2
103,214,1,sync,TrkB_S1HP,TrkB_S1HP_214,BTM2
104,215,2,sync,TrkB_S1HP,TrkB_S1HP_215,BTM2
105,227,4,sync,TrkB_S1HP,TrkB_S1HP_227,BTN4
106,228,1,sync,TrkB_S1HP,TrkB_S1HP_228,BTN4
107,229,2,sync,TrkB_S1HP,TrkB_S1HP_229,BTN4
108,231,2,sync,TrkB_S1HP,TrkB_S1HP_231,BTN4
109,232,2,sync,TrkB_S1HP,TrkB_S1HP_232,BTN4
110,234,2,sync,TrkB_S1HP,TrkB_S1HP_234,BTN4
111,237,0,sync,TrkB_S1HP,TrkB_S1HP_237,BTN4
112,238,0,sync,TrkB_S1HP,TrkB_S1HP_238,BTN4
113,239,4,sync,TrkB_S1HP,TrkB_S1HP_239,BTN4
114,240,3,sync,TrkB_S1HP,TrkB_S1HP_240,BTN4
115,243,4,sync,TrkB_S1HP,TrkB_S1HP_243,BTN4
116,245,4,sync,TrkB_S1HP,TrkB_S1HP_245,BTN4
117,247,0,sync,TrkB_S1HP,TrkB_S1HP_247,BTN4
118,248,0,sync,TrkB_S1HP,TrkB_S1HP_248,BTN4
119,249,1,sync,TrkB_S1HP,TrkB_S1HP_249,BTN4
120,250,2,sync,TrkB_S1HP,TrkB_S1HP_250,BTN4
121,251,1,sync,TrkB_S1HP,TrkB_S1HP_251,BTN4
122,253,1,sync,TrkB_S1HP,TrkB_S1HP_253,BTN4
123,254,5,sync,TrkB_S1HP,TrkB_S1HP_254,BTN4
124,255,0,sync,TrkB_S1HP,TrkB_S1HP_255,BTN4
125,256,3,sync,TrkB_S1HP,TrkB_S1HP_256,BTN4
126,257,2,sync,TrkB_S1HP,TrkB_S1HP_257,BTN4
127,260,5,sync,TrkB_S1HP,TrkB_S1HP_260,BTN4
128,261,4,sync,TrkB_S1HP,TrkB_S1HP_261,BTN4
129,262,4,sync,TrkB_S1HP,TrkB_S1HP_262,BTN4
130,263,4,sync,TrkB_S1HP,TrkB_S1HP_263,BTN4
131,264,4,sync,TrkB_S1HP,TrkB_S1HP_264,BTN4
132,265,4,sync,TrkB_S1HP,TrkB_S1HP_265,BTN4
133,267,3,sync,TrkB_S1HP,TrkB_S1HP_267,BTN4
134,268,3,sync,TrkB_S1HP,TrkB_S1HP_268,BTN4
135,269,2,sync,TrkB_S1HP,TrkB_S1HP_269,BTN4
136,270,1,sync,TrkB_S1HP,TrkB_S1HP_270,BTN4
137,271,2,sync,TrkB_S1HP,TrkB_S1HP_271,BTN4
138,273,0,sync,TrkB_S1HP,TrkB_S1HP_273,BTN4
139,274,3,sync,TrkB_S1HP,TrkB_S1HP_274,BTN4
140,275,4,sync,TrkB_S1HP,TrkB_S1HP_275,BTN4
141,276,2,sync,TrkB_S1HP,TrkB_S1HP_276,BTN4
142,277,1,sync,TrkB_S1HP,TrkB_S1HP_277,BTN4
143,278,0,sync,TrkB_S1HP,TrkB_S1HP_278,BTN4
144,279,5,sync,TrkB_S1HP,TrkB_S1HP_279,BTN4
145,280,4,sync,TrkB_S1HP,TrkB_S1HP_280,BTN4
146,281,2,sync,TrkB_S1HP,TrkB_S1HP_281,BTN4
147,282,2,sync,TrkB_S1HP,TrkB_S1HP_282,BTN4
148,283,5,sync,TrkB_S1HP,TrkB_S1HP_283,BTN4
149,285,4,sync,TrkB_S1HP,TrkB_S1HP_285,BTN4
150,287,0,sync,TrkB_S1HP,TrkB_S1HP_287,BTN4
151,289,4,sync,TrkB_S1HP,TrkB_S1HP_289,BTN4
152,290,0,sync,TrkB_S1HP,TrkB_S1HP_290,BTN4
153,293,4,sync,TrkB_S1HP,TrkB_S1HP_293,BTN4
154,294,1,sync,TrkB_S1HP,TrkB_S1HP_294,BTN4
155,297,0,sync,TrkB_S1HP,TrkB_S1HP_297,BTN4
156,298,2,sync,TrkB_S1HP,TrkB_S1HP_298,BTN4
157,299,3,sync,TrkB_S1HP,TrkB_S1HP_299,BTN4
158,300,0,sync,TrkB_S1HP,TrkB_S1HP_300,BTN4
159,302,4,sync,TrkB_S1HP,TrkB_S1HP_302,BTN4
160,304,2,sync,TrkB_S1HP,TrkB_S1HP_304,BTN4
161,308,1,sync,TrkB_S1HP,TrkB_S1HP_308,BTN4
162,311,3,sync,TrkB_S1HP,TrkB_S1HP_311,BTN4
163,312,2,sync,TrkB_S1HP,TrkB_S1HP_312,BTN4
164,313,1,sync,TrkB_S1HP,TrkB_S1HP_313,BTN4
165,314,4,sync,TrkB_S1HP,TrkB_S1HP_314,BTN4
166,315,0,sync,TrkB_S1HP,TrkB_S1HP_315,BTN4
167,317,0,sync,TrkB_S1HP,TrkB_S1HP_317,BTN4
168,318,1,sync,TrkB_S1HP,TrkB_S1HP_318,BTN4
169,319,2,sync,TrkB_S1HP,TrkB_S1HP_319,BTN4
170,321,2,sync,TrkB_S1HP,TrkB_S1HP_321,BTN4
171,323,3,sync,TrkB_S1HP,TrkB_S1HP_323,BTN4
172,325,3,sync,TrkB_S1HP,TrkB_S1HP_325,BTN4
173,326,2,sync,TrkB_S1HP,TrkB_S1HP_326,BTN4
174,330,3,sync,TrkB_S1HP,TrkB_S1HP_330,BTN4
175,331,4,sync,TrkB_S1HP,TrkB_S1HP_331,BTN4
176,333,2,sync,TrkB_S1HP,TrkB_S1HP_333,BTN4
177,336,3,sync,TrkB_S1HP,TrkB_S1HP_336,BTN4
178,337,4,sync,TrkB_S1HP,TrkB_S1HP_337,BTN4
179,339,4,sync,TrkB_S1HP,TrkB_S1HP_339,BTN4
180,340,4,sync,TrkB_S1HP,TrkB_S1HP_340,BTN4
181,343,2,sync,TrkB_S1HP,TrkB_S1HP_343,BTN4
182,355,1,sync,TrkB_S1HP,TrkB_S1HP_355,BTK4
183,356,1,sync,TrkB_S1HP,TrkB_S1HP_356,BTK4
184,359,1,sync,TrkB_S1HP,TrkB_S1HP_359,BTK4
185,360,1,sync,TrkB_S1HP,TrkB_S1HP_360,BTK4
186,361,2,sync,TrkB_S1HP,TrkB_S1HP_361,BTK4
187,363,0,sync,TrkB_S1HP,TrkB_S1HP_363,BTK4
188,365,2,sync,TrkB_S1HP,TrkB_S1HP_365,BTK4
189,366,0,sync,TrkB_S1HP,TrkB_S1HP_366,BTK4
190,368,0,sync,TrkB_S1HP,TrkB_S1HP_368,BTK4
191,369,1,sync,TrkB_S1HP,TrkB_S1HP_369,BTK4
192,371,1,sync,TrkB_S1HP,TrkB_S1HP_371,BTK4
193,374,1,sync,TrkB_S1HP,TrkB_S1HP_374,BTK4
194,376,1,sync,TrkB_S1HP,TrkB_S1HP_376,BTK4
195,379,1,sync,TrkB_S1HP,TrkB_S1HP_379,BTK4
196,381,1,sync,TrkB_S1HP,TrkB_S1HP_381,BTK4
197,391,2,sync,TrkB_S1HP,TrkB_S1HP_391,BTK4
198,396,0,sync,TrkB_S1HP,TrkB_S1HP_396,BTK4
199,397,1,sync,TrkB_S1HP,TrkB_S1HP_397,BTK4
200,398,0,sync,TrkB_S1HP,TrkB_S1HP_398,BTK4
201,401,1,sync,TrkB_S1HP,TrkB_S1HP_401,BTK4
202,402,1,sync,TrkB_S1HP,TrkB_S1HP_402,BTK4
203,403,1,sync,TrkB_S1HP,TrkB_S1HP_403,BTK4
204,404,1,sync,TrkB_S1HP,TrkB_S1HP_404,BTK4
205,407,1,sync,TrkB_S1HP,TrkB_S1HP_407,BTK4
206,414,0,sync,TrkB_S1HP,TrkB_S1HP_414,BTK4
207,415,2,sync,TrkB_S1HP,TrkB_S1HP_415,BTK4
208,418,3,sync,TrkB_S1HP,TrkB_S1HP_418,BTM3
209,419,2,sync,TrkB_S1HP,TrkB_S1HP_419,BTM3
210,420,2,sync,TrkB_S1HP,TrkB_S1HP_420,BTM3
211,422,4,sync,TrkB_S1HP,TrkB_S1HP_422,BTM3
212,427,2,sync,TrkB_S1HP,TrkB_S1HP_427,BTM3
213,428,2,sync,TrkB_S1HP,TrkB_S1HP_428,BTM3
214,429,3,sync,TrkB_S1HP,TrkB_S1HP_429,BTM3
215,430,2,sync,TrkB_S1HP,TrkB_S1HP_430,BTM3
216,431,3,sync,TrkB_S1HP,TrkB_S1HP_431,BTM3
217,435,2,sync,TrkB_S1HP,TrkB_S1HP_435,BTM3
218,437,2,sync,TrkB_S1HP,TrkB_S1HP_437,BTM3
219,439,5,sync,TrkB_S1HP,TrkB_S1HP_439,BTM3
220,440,5,sync,TrkB_S1HP,TrkB_S1HP_440,BTM3
221,441,2,sync,TrkB_S1HP,TrkB_S1HP_441,BTM3
222,442,4,sync,TrkB_S1HP,TrkB_S1HP_442,BTM3
223,443,5,sync,TrkB_S1HP,TrkB_S1HP_443,BTM3
224,444,1,sync,TrkB_S1HP,TrkB_S1HP_444,BTM3
225,445,1,sync,TrkB_S1HP,TrkB_S1HP_445,BTM3
226,446,5,sync,TrkB_S1HP,TrkB_S1HP_446,BTM3
227,447,1,sync,TrkB_S1HP,TrkB_S1HP_447,BTM3
228,450,2,sync,TrkB_S1HP,TrkB_S1HP_450,BTM3
229,452,0,sync,TrkB_S1HP,TrkB_S1HP_452,BTM3
230,453,3,sync,TrkB_S1HP,TrkB_S1HP_453,BTM3
231,454,3,sync,TrkB_S1HP,TrkB_S1HP_454,BTM3
232,455,4,sync,TrkB_S1HP,TrkB_S1HP_455,BTM3
233,456,2,sync,TrkB_S1HP,TrkB_S1HP_456,BTM3
234,458,4,sync,TrkB_S1HP,TrkB_S1HP_458,BTM3
235,459,1,sync,TrkB_S1HP,TrkB_S1HP_459,BTM3
236,460,5,sync,TrkB_S1HP,TrkB_S1HP_460,BTM3
237,461,3,sync,TrkB_S1HP,TrkB_S1HP_461,BTM3
238,462,4,sync,TrkB_S1HP,TrkB_S1HP_462,BTM3
239,463,2,sync,TrkB_S1HP,TrkB_S1HP_463,BTM3
240,464,1,sync,TrkB_S1HP,TrkB_S1HP_464,BTM3
241,466,0,sync,TrkB_S1HP,TrkB_S1HP_466,BTM3
242,467,3,sync,TrkB_S1HP,TrkB_S1HP_467,BTM3
243,469,2,sync,TrkB_S1HP,TrkB_S1HP_469,BTM3
244,471,3,sync,TrkB_S1HP,TrkB_S1HP_471,BTM3
245,472,4,sync,TrkB_S1HP,TrkB_S1HP_472,BTM3
246,475,1,sync,TrkB_S1HP,TrkB_S1HP_475,BTM3
247,476,2,sync,TrkB_S1HP,TrkB_S1HP_476,BTM3
248,477,1,sync,TrkB_S1HP,TrkB_S1HP_477,BTM3
249,478,2,sync,TrkB_S1HP,TrkB_S1HP_478,BTM3
250,479,2,sync,TrkB_S1HP,TrkB_S1HP_479,BTM3
251,480,1,sync,TrkB_S1HP,TrkB_S1HP_480,BTM3
252,481,2,sync,TrkB_S1HP,TrkB_S1HP_481,BTM3
253,482,5,sync,TrkB_S1HP,TrkB_S1HP_482,BTM3
254,483,4,sync,TrkB_S1HP,TrkB_S1HP_483,BTM3
255,484,4,sync,TrkB_S1HP,TrkB_S1HP_484,BTM3
256,485,5,sync,TrkB_S1HP,TrkB_S1HP_485,BTM3
257,486,1,sync,TrkB_S1HP,TrkB_S1HP_486,BTM3
258,487,4,sync,TrkB_S1HP,TrkB_S1HP_487,BTM3
259,488,3,sync,TrkB_S1HP,TrkB_S1HP_488,BTM3
260,489,4,sync,TrkB_S1HP,TrkB_S1HP_489,BTM3
261,491,2,sync,TrkB_S1HP,TrkB_S1HP_491,BTM3
262,492,2,sync,TrkB_S1HP,TrkB_S1HP_492,BTM3
263,495,3,sync,TrkB_S1HP,TrkB_S1HP_495,BTM3
264,496,4,sync,TrkB_S1HP,TrkB_S1HP_496,BTM3
265,497,2,sync,TrkB_S1HP,TrkB_S1HP_497,BTM3
266,498,3,sync,TrkB_S1HP,TrkB_S1HP_498,BTM3
267,499,3,sync,TrkB_S1HP,TrkB_S1HP_499,BTM3
268,500,2,sync,TrkB_S1HP,TrkB_S1HP_500,BTM3
269,501,5,sync,TrkB_S1HP,TrkB_S1HP_501,BTM3
270,502,2,sync,TrkB_S1HP,TrkB_S1HP_502,BTM3
271,504,4,sync,TrkB_S1HP,TrkB_S1HP_504,BTM3
272,505,1,sync,TrkB_S1HP,TrkB_S1HP_505,BTM3
273,506,2,sync,TrkB_S1HP,TrkB_S1HP_506,BTM3
274,507,1,sync,TrkB_S1HP,TrkB_S1HP_507,BTM3
275,509,3,sync,TrkB_S1HP,TrkB_S1HP_509,BTM3
276,510,1,sync,TrkB_S1HP,TrkB_S1HP_510,BTM3
277,512,4,sync,TrkB_S1HP,TrkB_S1HP_512,BTM3
278,513,3,sync,TrkB_S1HP,TrkB_S1HP_513,BTM3
279,516,1,sync,TrkB_S1HP,TrkB_S1HP_516,BTM3
280,520,1,sync,TrkB_S1HP,TrkB_S1HP_520,BTM3
281,521,1,sync,TrkB_S1HP,TrkB_S1HP_521,BTM3
282,523,3,sync,TrkB_S1HP,TrkB_S1HP_523,BTM3
283,525,1,sync,TrkB_S1HP,TrkB_S1HP_525,BTM3
0,10,1,async,TrkB_S1HP,TrkB_S1HP_10,BTR5
1,11,1,async,TrkB_S1HP,TrkB_S1HP_11,BTR5
2,18,1,async,TrkB_S1HP,TrkB_S1HP_18,BTR5
3,19,1,async,TrkB_S1HP,TrkB_S1HP_19,BTR5
4,21,1,async,TrkB_S1HP,TrkB_S1HP_21,BTR5
5,23,1,async,TrkB_S1HP,TrkB_S1HP_23,BTR5
6,24,1,async,TrkB_S1HP,TrkB_S1HP_24,BTR5
7,29,1,async,TrkB_S1HP,TrkB_S1HP_29,BTR5
8,32,2,async,TrkB_S1HP,TrkB_S1HP_32,BTR5
9,35,0,async,TrkB_S1HP,TrkB_S1HP_35,BTR5
10,36,0,async,TrkB_S1HP,TrkB_S1HP_36,BTR5
11,37,0,async,TrkB_S1HP,TrkB_S1HP_37,BTR5
12,41,0,async,TrkB_S1HP,TrkB_S1HP_41,BTR5
13,42,1,async,TrkB_S1HP,TrkB_S1HP_42,BTR5
14,45,1,async,TrkB_S1HP,TrkB_S1HP_45,BTR5
15,46,1,async,TrkB_S1HP,TrkB_S1HP_46,BTR5
16,47,0,async,TrkB_S1HP,TrkB_S1HP_47,BTR5
17,53,1,async,TrkB_S1HP,TrkB_S1HP_53,BTR5
18,54,1,async,TrkB_S1HP,TrkB_S1HP_54,BTR5
19,56,1,async,TrkB_S1HP,TrkB_S1HP_56,BTR5
20,57,1,async,TrkB_S1HP,TrkB_S1HP_57,BTR5
21,58,1,async,TrkB_S1HP,TrkB_S1HP_58,BTR5
22,59,1,async,TrkB_S1HP,TrkB_S1HP_59,BTR5
23,60,0,async,TrkB_S1HP,TrkB_S1HP_60,BTR5
24,67,0,async,TrkB_S1HP,TrkB_S1HP_67,BTR5
25,69,0,async,TrkB_S1HP,TrkB_S1HP_69,BTR5
26,72,1,async,TrkB_S1HP,TrkB_S1HP_72,BTR5
27,73,0,async,TrkB_S1HP,TrkB_S1HP_73,BTR5
28,78,0,async,TrkB_S1HP,TrkB_S1HP_78,BTR5
29,80,0,async,TrkB_S1HP,TrkB_S1HP_80,BTR5
30,89,2,async,TrkB_S1HP,TrkB_S1HP_89,BTR5
31,90,1,async,TrkB_S1HP,TrkB_S1HP_90,BTR5
32,94,1,async,TrkB_S1HP,TrkB_S1HP_94,BTR5
33,99,0,async,TrkB_S1HP,TrkB_S1HP_99,BTR5
34,110,1,async,TrkB_S1HP,TrkB_S1HP_110,BTM2
35,111,0,async,TrkB_S1HP,TrkB_S1HP_111,BTM2
36,112,2,async,TrkB_S1HP,TrkB_S1HP_112,BTM2
37,113,0,async,TrkB_S1HP,TrkB_S1HP_113,BTM2
38,114,0,async,TrkB_S1HP,TrkB_S1HP_114,BTM2
39,118,1,async,TrkB_S1HP,TrkB_S1HP_118,BTM2
40,120,1,async,TrkB_S1HP,TrkB_S1HP_120,BTM2
41,122,1,async,TrkB_S1HP,TrkB_S1HP_122,BTM2
42,125,4,async,TrkB_S1HP,TrkB_S1HP_125,BTM2
43,126,2,async,TrkB_S1HP,TrkB_S1HP_126,BTM2
44,128,2,async,TrkB_S1HP,TrkB_S1HP_128,BTM2
45,129,0,async,TrkB_S1HP,TrkB_S1HP_129,BTM2
46,131,1,async,TrkB_S1HP,TrkB_S1HP_131,BTM2
47,133,2,async,TrkB_S1HP,TrkB_S1HP_133,BTM2
48,134,1,async,TrkB_S1HP,TrkB_S1HP_134,BTM2
49,136,1,async,TrkB_S1HP,TrkB_S1HP_136,BTM2
50,137,3,async,TrkB_S1HP,TrkB_S1HP_137,BTM2
51,140,4,async,TrkB_S1HP,TrkB_S1HP_140,BTM2
52,141,3,async,TrkB_S1HP,TrkB_S1HP_141,BTM2
53,142,2,async,TrkB_S1HP,TrkB_S1HP_142,BTM2
54,143,3,async,TrkB_S1HP,TrkB_S1HP_143,BTM2
55,145,2,async,TrkB_S1HP,TrkB_S1HP_145,BTM2
56,147,3,async,TrkB_S1HP,TrkB_S1HP_147,BTM2
57,151,1,async,TrkB_S1HP,TrkB_S1HP_151,BTM2
58,152,1,async,TrkB_S1HP,TrkB_S1HP_152,BTM2
59,155,1,async,TrkB_S1HP,TrkB_S1HP_155,BTM2
60,157,2,async,TrkB_S1HP,TrkB_S1HP_157,BTM2
61,158,0,async,TrkB_S1HP,TrkB_S1HP_158,BTM2
62,159,0,async,TrkB_S1HP,TrkB_S1HP_159,BTM2
63,160,1,async,TrkB_S1HP,TrkB_S1HP_160,BTM2
64,161,0,async,TrkB_S1HP,TrkB_S1HP_161,BTM2
65,162,2,async,TrkB_S1HP,TrkB_S1HP_162,BTM2
66,164,2,async,TrkB_S1HP,TrkB_S1HP_164,BTM2
67,165,0,async,TrkB_S1HP,TrkB_S1HP_165,BTM2
68,166,0,async,TrkB_S1HP,TrkB_S1HP_166,BTM2
69,167,3,async,TrkB_S1HP,TrkB_S1HP_167,BTM2
70,168,2,async,TrkB_S1HP,TrkB_S1HP_168,BTM2
71,170,1,async,TrkB_S1HP,TrkB_S1HP_170,BTM2
72,171,2,async,TrkB_S1HP,TrkB_S1HP_171,BTM2
73,172,3,async,TrkB_S1HP,TrkB_S1HP_172,BTM2
74,174,2,async,TrkB_S1HP,TrkB_S1HP_174,BTM2
75,175,1,async,TrkB_S1HP,TrkB_S1HP_175,BTM2
76,176,0,async,TrkB_S1HP,TrkB_S1HP_176,BTM2
77,177,2,async,TrkB_S1HP,TrkB_S1HP_177,BTM2
78,178,3,async,TrkB_S1HP,TrkB_S1HP_178,BTM2
79,179,2,async,TrkB_S1HP,TrkB_S1HP_179,BTM2
80,180,3,async,TrkB_S1HP,TrkB_S1HP_180,BTM2
81,181,4,async,TrkB_S1HP,TrkB_S1HP_181,BTM2
82,182,1,async,TrkB_S1HP,TrkB_S1HP_182,BTM2
83,186,2,async,TrkB_S1HP,TrkB_S1HP_186,BTM2
84,187,1,async,TrkB_S1HP,TrkB_S1HP_187,BTM2
85,189,0,async,TrkB_S1HP,TrkB_S1HP_189,BTM2
86,191,0,async,TrkB_S1HP,TrkB_S1HP_191,BTM2
87,193,3,async,TrkB_S1HP,TrkB_S1HP_193,BTM2
88,195,2,async,TrkB_S1HP,TrkB_S1HP_195,BTM2
89,196,2,async,TrkB_S1HP,TrkB_S1HP_196,BTM2
90,198,1,async,TrkB_S1HP,TrkB_S1HP_198,BTM2
91,200,3,async,TrkB_S1HP,TrkB_S1HP_200,BTM2
92,201,4,async,TrkB_S1HP,TrkB_S1HP_201,BTM2
93,202,0,async,TrkB_S1HP,TrkB_S1HP_202,BTM2
94,203,0,async,TrkB_S1HP,TrkB_S1HP_203,BTM2
95,205,0,async,TrkB_S1HP,TrkB_S1HP_205,BTM2
96,207,3,async,TrkB_S1HP,TrkB_S1HP_207,BTM2
97,208,0,async,TrkB_S1HP,TrkB_S1HP_208,BTM2
98,209,1,async,TrkB_S1HP,TrkB_S1HP_209,BTM2
99,210,1,async,TrkB_S1HP,TrkB_S1HP_210,BTM2
100,211,0,async,TrkB_S1HP,TrkB_S1HP_211,BTM2
101,212,1,async,TrkB_S1HP,TrkB_S1HP_212,BTM2
102,213,2,async,TrkB_S1HP,TrkB_S1HP_213,BTM2
103,214,1,async,TrkB_S1HP,TrkB_S1HP_214,BTM2
104,215,2,async,TrkB_S1HP,TrkB_S1HP_215,BTM2
105,227,3,async,TrkB_S1HP,TrkB_S1HP_227,BTN4
106,228,0,async,TrkB_S1HP,TrkB_S1HP_228,BTN4
107,229,0,async,TrkB_S1HP,TrkB_S1HP_229,BTN4
108,231,0,async,TrkB_S1HP,TrkB_S1HP_231,BTN4
109,232,0,async,TrkB_S1HP,TrkB_S1HP_232,BTN4
110,234,0,async,TrkB_S1HP,TrkB_S1HP_234,BTN4
111,237,0,async,TrkB_S1HP,TrkB_S1HP_237,BTN4
112,238,0,async,TrkB_S1HP,TrkB_S1HP_238,BTN4
113,239,2,async,TrkB_S1HP,TrkB_S1HP_239,BTN4
114,240,1,async,TrkB_S1HP,TrkB_S1HP_240,BTN4
115,243,2,async,TrkB_S1HP,TrkB_S1HP_243,BTN4
116,245,2,async,TrkB_S1HP,TrkB_S1HP_245,BTN4
117,247,0,async,TrkB_S1HP,TrkB_S1HP_247,BTN4
118,248,0,async,TrkB_S1HP,TrkB_S1HP_248,BTN4
119,249,0,async,TrkB_S1HP,TrkB_S1HP_249,BTN4
120,250,2,async,TrkB_S1HP,TrkB_S1HP_250,BTN4
121,251,1,async,TrkB_S1HP,TrkB_S1HP_251,BTN4
122,253,0,async,TrkB_S1HP,TrkB_S1HP_253,BTN4
123,254,5,async,TrkB_S1HP,TrkB_S1HP_254,BTN4
124,255,0,async,TrkB_S1HP,TrkB_S1HP_255,BTN4
125,256,2,async,TrkB_S1HP,TrkB_S1HP_256,BTN4
126,257,2,async,TrkB_S1HP,TrkB_S1HP_257,BTN4
127,260,4,async,TrkB_S1HP,TrkB_S1HP_260,BTN4
128,261,4,async,TrkB_S1HP,TrkB_S1HP_261,BTN4
129,262,2,async,TrkB_S1HP,TrkB_S1HP_262,BTN4
130,263,1,async,TrkB_S1HP,TrkB_S1HP_263,BTN4
131,264,2,async,TrkB_S1HP,TrkB_S1HP_264,BTN4
132,265,1,async,TrkB_S1HP,TrkB_S1HP_265,BTN4
133,267,0,async,TrkB_S1HP,TrkB_S1HP_267,BTN4
134,268,1,async,TrkB_S1HP,TrkB_S1HP_268,BTN4
135,269,1,async,TrkB_S1HP,TrkB_S1HP_269,BTN4
136,270,0,async,TrkB_S1HP,TrkB_S1HP_270,BTN4
137,271,2,async,TrkB_S1HP,TrkB_S1HP_271,BTN4
138,273,1,async,TrkB_S1HP,TrkB_S1HP_273,BTN4
139,274,2,async,TrkB_S1HP,TrkB_S1HP_274,BTN4
140,275,1,async,TrkB_S1HP,TrkB_S1HP_275,BTN4
141,276,0,async,TrkB_S1HP,TrkB_S1HP_276,BTN4
142,277,0,async,TrkB_S1HP,TrkB_S1HP_277,BTN4
143,278,0,async,TrkB_S1HP,TrkB_S1HP_278,BTN4
144,279,4,async,TrkB_S1HP,TrkB_S1HP_279,BTN4
145,280,2,async,TrkB_S1HP,TrkB_S1HP_280,BTN4
146,281,1,async,TrkB_S1HP,TrkB_S1HP_281,BTN4
147,282,3,async,TrkB_S1HP,TrkB_S1HP_282,BTN4
148,283,5,async,TrkB_S1HP,TrkB_S1HP_283,BTN4
149,285,3,async,TrkB_S1HP,TrkB_S1HP_285,BTN4
150,287,1,async,TrkB_S1HP,TrkB_S1HP_287,BTN4
151,289,3,async,TrkB_S1HP,TrkB_S1HP_289,BTN4
152,290,0,async,TrkB_S1HP,TrkB_S1HP_290,BTN4
153,293,3,async,TrkB_S1HP,TrkB_S1HP_293,BTN4
154,294,0,async,TrkB_S1HP,TrkB_S1HP_294,BTN4
155,297,0,async,TrkB_S1HP,TrkB_S1HP_297,BTN4
156,298,2,async,TrkB_S1HP,TrkB_S1HP_298,BTN4
157,299,1,async,TrkB_S1HP,TrkB_S1HP_299,BTN4
158,300,0,async,TrkB_S1HP,TrkB_S1HP_300,BTN4
159,302,2,async,TrkB_S1HP,TrkB_S1HP_302,BTN4
160,304,0,async,TrkB_S1HP,TrkB_S1HP_304,BTN4
161,308,0,async,TrkB_S1HP,TrkB_S1HP_308,BTN4
162,311,3,async,TrkB_S1HP,TrkB_S1HP_311,BTN4
163,312,1,async,TrkB_S1HP,TrkB_S1HP_312,BTN4
164,313,0,async,TrkB_S1HP,TrkB_S1HP_313,BTN4
165,314,1,async,TrkB_S1HP,TrkB_S1HP_314,BTN4
166,315,0,async,TrkB_S1HP,TrkB_S1HP_315,BTN4
167,317,0,async,TrkB_S1HP,TrkB_S1HP_317,BTN4
168,318,0,async,TrkB_S1HP,TrkB_S1HP_318,BTN4
169,319,2,async,TrkB_S1HP,TrkB_S1HP_319,BTN4
170,321,0,async,TrkB_S1HP,TrkB_S1HP_321,BTN4
171,323,2,async,TrkB_S1HP,TrkB_S1HP_323,BTN4
172,325,2,async,TrkB_S1HP,TrkB_S1HP_325,BTN4
173,326,0,async,TrkB_S1HP,TrkB_S1HP_326,BTN4
174,330,2,async,TrkB_S1HP,TrkB_S1HP_330,BTN4
175,331,1,async,TrkB_S1HP,TrkB_S1HP_331,BTN4
176,333,3,async,TrkB_S1HP,TrkB_S1HP_333,BTN4
177,336,1,async,TrkB_S1HP,TrkB_S1HP_336,BTN4
178,337,3,async,TrkB_S1HP,TrkB_S1HP_337,BTN4
179,339,0,async,TrkB_S1HP,TrkB_S1HP_339,BTN4
180,340,4,async,TrkB_S1HP,TrkB_S1HP_340,BTN4
181,343,0,async,TrkB_S1HP,TrkB_S1HP_343,BTN4
182,355,1,async,TrkB_S1HP,TrkB_S1HP_355,BTK4
183,356,1,async,TrkB_S1HP,TrkB_S1HP_356,BTK4
184,359,1,async,TrkB_S1HP,TrkB_S1HP_359,BTK4
185,360,1,async,TrkB_S1HP,TrkB_S1HP_360,BTK4
186,361,0,async,TrkB_S1HP,TrkB_S1HP_361,BTK4
187,363,0,async,TrkB_S1HP,TrkB_S1HP_363,BTK4
188,365,1,async,TrkB_S1HP,TrkB_S1HP_365,BTK4
189,366,1,async,TrkB_S1HP,TrkB_S1HP_366,BTK4
190,368,0,async,TrkB_S1HP,TrkB_S1HP_368,BTK4
191,369,1,async,TrkB_S1HP,TrkB_S1HP_369,BTK4
192,371,1,async,TrkB_S1HP,TrkB_S1HP_371,BTK4
193,374,0,async,TrkB_S1HP,TrkB_S1HP_374,BTK4
194,376,0,async,TrkB_S1HP,TrkB_S1HP_376,BTK4
195,379,1,async,TrkB_S1HP,TrkB_S1HP_379,BTK4
196,381,0,async,TrkB_S1HP,TrkB_S1HP_381,BTK4
197,391,0,async,TrkB_S1HP,TrkB_S1HP_391,BTK4
198,396,0,async,TrkB_S1HP,TrkB_S1HP_396,BTK4
199,397,1,async,TrkB_S1HP,TrkB_S1HP_397,BTK4
200,398,0,async,TrkB_S1HP,TrkB_S1HP_398,BTK4
201,401,0,async,TrkB_S1HP,TrkB_S1HP_401,BTK4
202,402,0,async,TrkB_S1HP,TrkB_S1HP_402,BTK4
203,403,0,async,TrkB_S1HP,TrkB_S1HP_403,BTK4
204,404,0,async,TrkB_S1HP,TrkB_S1HP_404,BTK4
205,407,1,async,TrkB_S1HP,TrkB_S1HP_407,BTK4
206,414,0,async,TrkB_S1HP,TrkB_S1HP_414,BTK4
207,415,0,async,TrkB_S1HP,TrkB_S1HP_415,BTK4
208,418,2,async,TrkB_S1HP,TrkB_S1HP_418,BTM3
209,419,3,async,TrkB_S1HP,TrkB_S1HP_419,BTM3
210,420,1,async,TrkB_S1HP,TrkB_S1HP_420,BTM3
211,422,1,async,TrkB_S1HP,TrkB_S1HP_422,BTM3
212,427,0,async,TrkB_S1HP,TrkB_S1HP_427,BTM3
213,428,2,async,TrkB_S1HP,TrkB_S1HP_428,BTM3
214,429,0,async,TrkB_S1HP,TrkB_S1HP_429,BTM3
215,430,2,async,TrkB_S1HP,TrkB_S1HP_430,BTM3
216,431,4,async,TrkB_S1HP,TrkB_S1HP_431,BTM3
217,435,2,async,TrkB_S1HP,TrkB_S1HP_435,BTM3
218,437,2,async,TrkB_S1HP,TrkB_S1HP_437,BTM3
219,439,4,async,TrkB_S1HP,TrkB_S1HP_439,BTM3
220,440,5,async,TrkB_S1HP,TrkB_S1HP_440,BTM3
221,441,0,async,TrkB_S1HP,TrkB_S1HP_441,BTM3
222,442,3,async,TrkB_S1HP,TrkB_S1HP_442,BTM3
223,443,4,async,TrkB_S1HP,TrkB_S1HP_443,BTM3
224,444,2,async,TrkB_S1HP,TrkB_S1HP_444,BTM3
225,445,0,async,TrkB_S1HP,TrkB_S1HP_445,BTM3
226,446,2,async,TrkB_S1HP,TrkB_S1HP_446,BTM3
227,447,0,async,TrkB_S1HP,TrkB_S1HP_447,BTM3
228,450,3,async,TrkB_S1HP,TrkB_S1HP_450,BTM3
229,452,1,async,TrkB_S1HP,TrkB_S1HP_452,BTM3
230,453,0,async,TrkB_S1HP,TrkB_S1HP_453,BTM3
231,454,0,async,TrkB_S1HP,TrkB_S1HP_454,BTM3
232,455,1,async,TrkB_S1HP,TrkB_S1HP_455,BTM3
233,456,2,async,TrkB_S1HP,TrkB_S1HP_456,BTM3
234,458,4,async,TrkB_S1HP,TrkB_S1HP_458,BTM3
235,459,2,async,TrkB_S1HP,TrkB_S1HP_459,BTM3
236,460,5,async,TrkB_S1HP,TrkB_S1HP_460,BTM3
237,461,1,async,TrkB_S1HP,TrkB_S1HP_461,BTM3
238,462,1,async,TrkB_S1HP,TrkB_S1HP_462,BTM3
239,463,0,async,TrkB_S1HP,TrkB_S1HP_463,BTM3
240,464,1,async,TrkB_S1HP,TrkB_S1HP_464,BTM3
241,466,2,async,TrkB_S1HP,TrkB_S1HP_466,BTM3
242,467,2,async,TrkB_S1HP,TrkB_S1HP_467,BTM3
243,469,2,async,TrkB_S1HP,TrkB_S1HP_469,BTM3
244,471,3,async,TrkB_S1HP,TrkB_S1HP_471,BTM3
245,472,1,async,TrkB_S1HP,TrkB_S1HP_472,BTM3
246,475,1,async,TrkB_S1HP,TrkB_S1HP_475,BTM3
247,476,1,async,TrkB_S1HP,TrkB_S1HP_476,BTM3
248,477,1,async,TrkB_S1HP,TrkB_S1HP_477,BTM3
249,478,1,async,TrkB_S1HP,TrkB_S1HP_478,BTM3
250,479,2,async,TrkB_S1HP,TrkB_S1HP_479,BTM3
251,480,0,async,TrkB_S1HP,TrkB_S1HP_480,BTM3
252,481,0,async,TrkB_S1HP,TrkB_S1HP_481,BTM3
253,482,2,async,TrkB_S1HP,TrkB_S1HP_482,BTM3
254,483,4,async,TrkB_S1HP,TrkB_S1HP_483,BTM3
255,484,2,async,TrkB_S1HP,TrkB_S1HP_484,BTM3
256,485,3,async,TrkB_S1HP,TrkB_S1HP_485,BTM3
257,486,0,async,TrkB_S1HP,TrkB_S1HP_486,BTM3
258,487,5,async,TrkB_S1HP,TrkB_S1HP_487,BTM3
259,488,3,async,TrkB_S1HP,TrkB_S1HP_488,BTM3
260,489,5,async,TrkB_S1HP,TrkB_S1HP_489,BTM3
261,491,0,async,TrkB_S1HP,TrkB_S1HP_491,BTM3
262,492,1,async,TrkB_S1HP,TrkB_S1HP_492,BTM3
263,495,2,async,TrkB_S1HP,TrkB_S1HP_495,BTM3
264,496,2,async,TrkB_S1HP,TrkB_S1HP_496,BTM3
265,497,0,async,TrkB_S1HP,TrkB_S1HP_497,BTM3
266,498,2,async,TrkB_S1HP,TrkB_S1HP_498,BTM3
267,499,0,async,TrkB_S1HP,TrkB_S1HP_499,BTM3
268,500,2,async,TrkB_S1HP,TrkB_S1HP_500,BTM3
269,501,5,async,TrkB_S1HP,TrkB_S1HP_501,BTM3
270,502,2,async,TrkB_S1HP,TrkB_S1HP_502,BTM3
271,504,5,async,TrkB_S1HP,TrkB_S1HP_504,BTM3
272,505,1,async,TrkB_S1HP,TrkB_S1HP_505,BTM3
273,506,0,async,TrkB_S1HP,TrkB_S1HP_506,BTM3
274,507,1,async,TrkB_S1HP,TrkB_S1HP_507,BTM3
275,509,1,async,TrkB_S1HP,TrkB_S1HP_509,BTM3
276,510,1,async,TrkB_S1HP,TrkB_S1HP_510,BTM3
277,512,2,async,TrkB_S1HP,TrkB_S1HP_512,BTM3
278,513,2,async,TrkB_S1HP,TrkB_S1HP_513,BTM3
279,516,0,async,TrkB_S1HP,TrkB_S1HP_516,BTM3
280,520,3,async,TrkB_S1HP,TrkB_S1HP_520,BTM3
281,521,0,async,TrkB_S1HP,TrkB_S1HP_521,BTM3
282,523,2,async,TrkB_S1HP,TrkB_S1HP_523,BTM3
283,525,1,async,TrkB_S1HP,TrkB_S1HP_525,BTM3
